geo,start_year,end_year,pop_start_0_29,pop_end_30_59,deaths,migration,migration_pct
LV,1991,2021,1147171,783234,69302,-294635,-25.683616479147396
LV,1990,2020,1151056,790163,72596,-288297,-25.046305305736645
LV,1992,2022,1117506,776382,67043,-274081,-24.526132298171106
LV,1989,2019,1150564,796374,75913,-278277,-24.186138276532205
LV,1988,2018,1142311,802798,78829,-260684,-22.82075546851952
LV,1987,2017,1129278,809743,81535,-238000,-21.075412785868494
LT,1993,2023,1649944,1205413,97388,-347143,-21.039683771085564
LV,1993,2023,1080398,788902,64592,-226904,-21.001890044224446
LV,1994,2024,1051444,779667,61992,-209785,-19.952084942231828
BG,1989,2019,3725449,2819919,168330,-737200,-19.788218816040697
LV,1995,2025,1028883,769710,59480,-199693,-19.408717998061974
LV,1986,2016,1118844,817834,83918,-217092,-19.403241202526893
BG,1988,2018,3735887,2853427,171640,-710820,-19.02680675298798
LT,1994,2024,1624979,1224913,93167,-306899,-18.88633637727011
RO,1991,2021,10680282,8201702,475136,-2003444,-18.758343646731426
RO,1990,2020,10737612,8256170,484943,-1996499,-18.593510363384336
RO,1989,2019,10721286,8255883,497343,-1968060,-18.35656655367649
BG,1987,2017,3747119,2886463,175247,-685409,-18.29162618000656
LV,1985,2015,1111962,825060,86613,-200289,-18.012216244799735
BG,1990,2020,3593053,2783637,165014,-644402,-17.93466447614327
RO,1988,2018,10710817,8286937,511694,-1912186,-17.85284913373088
RO,1992,2022,10396686,8077795,474277,-1844614,-17.742326737577724
BG,1985,2015,3817385,2958799,183706,-674880,-17.679118034989923
LT,1995,2025,1594712,1223991,89097,-281624,-17.65986585665625
RO,1993,2023,10367850,8073013,469156,-1825681,-17.6090607020742
BG,1986,2016,3761327,2921501,179002,-660824,-17.568905867530262
RO,1987,2017,10712159,8319865,531723,-1860571,-17.36877691976006
RO,1994,2024,10340567,8084060,462723,-1793784,-17.347056500866927
RO,1995,2025,10313673,8100039,457997,-1755637,-17.022422564686703
BG,1984,2014,3826923,2991252,187418,-648253,-16.93927471234723
LV,1984,2014,1106002,830338,89235,-186429,-16.85611780087197
BG,1991,2021,3520739,2768394,163799,-588546,-16.716547293054102
RO,1986,2016,10728474,8392985,551762,-1783727,-16.62610171772798
BG,1992,2022,3458401,2732204,165034,-561163,-16.2260825161686
BG,1983,2013,3837822,3026588,192086,-619148,-16.132796153651732
RO,1985,2015,10778991,8473129,576146,-1729716,-16.047104965576093
LV,1983,2013,1098980,835739,91393,-171848,-15.63704526015032
RO,1984,2014,10820592,8552959,596260,-1671373,-15.44622512335739
RO,1983,2013,10867969,8608766,616158,-1643045,-15.118234142920356
BG,1995,2025,3312020,2659205,154435,-498380,-15.047614446772664
BG,1993,2023,3374696,2705754,161750,-507192,-15.02926485822723
BG,1994,2024,3344736,2684620,157948,-502168,-15.013681199353252
RO,1982,2012,10901903,8654431,636395,-1611077,-14.777942896758484
EE,1989,2019,683975,546391,36697,-100887,-14.750100515369713
EE,1990,2020,682830,550600,34971,-97259,-14.243515955655143
LV,1982,2012,1092060,842292,94227,-155541,-14.242898741827373
RO,1981,2011,10891482,8711743,653438,-1526301,-14.01371273441025
BG,1982,2012,3848252,3112736,196748,-538768,-14.000330539683992
RO,1980,2010,10892465,8745440,667694,-1479331,-13.581232530928492
BG,1981,2011,3854392,3132438,200245,-521709,-13.535442165716407
EE,1991,2021,676728,552597,33268,-90863,-13.426812545069808
RO,1978,2008,10796744,8663503,684604,-1448637,-13.41735063830355
BG,1980,2010,3878005,3169286,206428,-502291,-12.952304084187617
RO,1979,2009,10865006,8802612,681186,-1381208,-12.712445809970099
LV,1981,2011,1087616,853707,96900,-137009,-12.597185035895023
BG,1978,2008,3928031,3220154,215661,-492216,-12.530858335893988
RO,1977,2007,10689177,8667826,684759,-1336592,-12.50416192004305
BG,1979,2009,3884728,3196868,211312,-476548,-12.267216649402481
BG,1977,2007,3928839,3235093,218286,-475460,-12.101793939634584
BG,1975,2005,3947813,3259056,221319,-467438,-11.840429118603135
EE,1992,2022,663587,554233,31970,-77384,-11.661470161410637
BG,1976,2006,3927763,3252888,220584,-454291,-11.566151012675663
BG,1974,2004,3920371,3252890,220852,-446629,-11.39251871825396
RO,1976,2006,10564365,8708761,684666,-1170938,-11.083846497162869
BG,1973,2003,3903970,3251729,220723,-431518,-11.053312397380102
RO,1975,2005,10347145,8528326,677111,-1141708,-11.034038858061814
BG,1972,2002,3899576,3260641,220306,-418629,-10.73524403678759
LV,1980,2010,1085004,869975,99459,-115570,-10.651573634751577
RO,1974,2004,10213111,8568816,673391,-970904,-9.506447154055214
LV,1979,2009,1083820,887078,102268,-94474,-8.716761085789154
BG,1970,2000,3875910,3322156,218342,-335412,-8.653761310247141
BG,1971,2001,3887976,3332113,219457,-336406,-8.652471105788718
BG,1969,1999,3849693,3304062,217099,-328532,-8.533979203016969
BG,1968,1998,3827439,3295032,214080,-318327,-8.31697121756872
RO,1973,2003,10101067,8602385,666575,-832107,-8.237812896399955
BG,1967,1997,3825440,3304504,212400,-308536,-8.065372872140198
BG,1965,1995,3849628,3335662,209992,-303974,-7.896191528116484
BG,1966,1996,3831991,3319035,211605,-301351,-7.864084231930607
BG,1964,1994,3862426,3359390,210334,-292702,-7.5781904947822945
LV,1978,2008,1083371,899684,104106,-79581,-7.345683057789068
BG,1963,1993,3869174,3377156,210228,-281790,-7.282949797553689
RO,1972,2002,9992805,8651324,660237,-681244,-6.8173450797849044
BG,1962,1992,3879986,3426660,210667,-242659,-6.2541205045585215
LV,1977,2007,1075414,904568,104592,-66254,-6.160790170111231
PL,1992,2022,17490191,15706040,707574,-1076577,-6.155318715501735
PL,1991,2021,17523349,15734464,715513,-1073372,-6.125381626537256
PL,1993,2023,17444115,15680030,695661,-1068424,-6.124839236613608
PL,1994,2024,17389390,15649890,681994,-1057506,-6.081328902278918
PL,1995,2025,17332242,15627855,670494,-1033893,-5.965142882265318
BG,1961,1991,3875768,3451048,210487,-214233,-5.5274980339380475
EE,1993,2023,634618,569721,30570,-34327,-5.409080738333927
LV,1976,2006,1066825,906952,104173,-55700,-5.221099992969794
RO,1971,2001,9885315,8738431,655922,-490962,-4.966579213712461
RO,1970,2000,9784385,8649141,657936,-477308,-4.878262660351162
RO,1969,1999,9665356,8553078,661976,-450302,-4.65892823813215
IS,1970,2000,117334,108543,3401,-5390,-4.593723899296027
BG,1960,1990,3879587,3495423,211668,-172496,-4.44624646901848
PL,1990,2020,17599500,16134080,732835,-732585,-4.162533026506435
LV,1975,2005,1052745,907948,104335,-40462,-3.843475865475495
PT,1985,2015,4819301,4458402,197388,-163511,-3.392836430013398
PT,1986,2016,4774391,4424020,192035,-158336,-3.3163601389161466
SK,1980,2010,2588022,2379366,129674,-78982,-3.0518287711619143
IS,1971,2001,117749,110763,3403,-3583,-3.0429133156120223
HU,1960,1990,4684403,4218629,324960,-140814,-3.006018056089538
PT,1987,2017,4716637,4388683,187463,-140491,-2.9786265086755668
IS,1973,2003,121431,114454,3405,-3572,-2.941588227058988
HU,1961,1991,4666346,4206324,326692,-133330,-2.857267763684905
PT,1984,2014,4828302,4490332,201375,-136595,-2.8290483900965597
HU,1962,1992,4653704,4195170,330612,-127922,-2.74882115407426
IS,1974,2004,122821,116150,3361,-3310,-2.6949788716913234
SK,1981,2011,2584825,2388098,127097,-69630,-2.6937993868056833
IS,1972,2002,119358,112846,3363,-3149,-2.638281472544781
HU,1963,1993,4629178,4172422,335981,-120775,-2.6089945126326963
SK,1982,2012,2584127,2394691,123983,-65453,-2.5328863480780934
HU,1964,1994,4610454,4153192,342488,-114774,-2.489429457489436
IS,1975,2005,124102,117814,3328,-2960,-2.3851348084640054
SK,1983,2013,2582194,2400066,120637,-61491,-2.3813470250492412
HU,1965,1995,4595525,4137577,348836,-109112,-2.3743097905027173
PT,1983,2013,4840209,4520142,205247,-114820,-2.3722116131762077
SK,1984,2014,2580081,2402932,117186,-59963,-2.324074321697652
HU,1966,1996,4583492,4126329,354540,-102623,-2.2389697636649086
SK,1985,2015,2576675,2405613,113827,-57235,-2.2212735405124824
HU,1967,1997,4581502,4125188,358337,-97977,-2.138534480613563
SK,1986,2016,2571885,2407330,110546,-54009,-2.0999772540374084
PT,1988,2018,4630137,4352172,182123,-95842,-2.069960348905443
HU,1968,1998,4589938,4134684,361482,-93772,-2.0429905589138677
LV,1974,2004,1038533,912798,105081,-20654,-1.9887668470814122
SK,1987,2017,2563559,2406473,106989,-50097,-1.9541972702793267
HU,1970,2000,4613755,4157617,368198,-87940,-1.9060396575024032
HU,1969,1999,4598916,4146833,364919,-87164,-1.8953162006003155
SK,1988,2018,2554566,2404969,103409,-46188,-1.8080566327117797
HU,1973,2003,4608290,4162820,364247,-81223,-1.7625409859188548
HU,1971,2001,4611208,4163813,367321,-80074,-1.7365080907215638
EE,1994,2024,613043,573065,29374,-10604,-1.7297318458900928
HU,1972,2002,4612873,4167149,366055,-79669,-1.7271015265323801
HU,1974,2004,4610314,4169894,362612,-77808,-1.6876941570574153
SK,1989,2019,2548171,2405275,100540,-42356,-1.6622118374316324
PT,1982,2012,4833250,4546173,208825,-78252,-1.6190348109450166
HU,1975,2005,4628701,4197541,358141,-73019,-1.5775268266409948
CZ,1962,1992,4354021,4058371,227114,-68536,-1.5740851961899127
CZ,1964,1994,4390609,4096038,225885,-68686,-1.564384348503818
SK,1990,2020,2543683,2406235,98147,-39301,-1.5450431519965342
CZ,1961,1991,4354746,4059396,228143,-67207,-1.543304707094283
CZ,1963,1993,4360169,4067207,226449,-66513,-1.5254683935416264
CZ,1965,1995,4428565,4135095,226246,-67224,-1.517963493817975
HU,1976,2006,4674206,4245732,357947,-70527,-1.5088551938018993
CZ,1966,1996,4461784,4169887,227344,-64553,-1.446797962429378
SK,1991,2021,2538451,2406828,96107,-35516,-1.3991209599870156
CZ,1967,1997,4490961,4201044,228523,-61394,-1.3670570730852483
HU,1977,2007,4710576,4291711,357338,-61527,-1.3061459999796203
CZ,1968,1998,4515848,4230950,230320,-54578,-1.2085880658516406
CZ,1960,1990,4375670,4093432,229382,-52856,-1.2079521536130466
PT,1989,2019,4546611,4316750,176404,-53457,-1.1757548644473874
HU,1978,2008,4720509,4312564,352848,-55097,-1.1671834541571682
CZ,1969,1999,4534406,4255634,230965,-47807,-1.0543167065322336
SK,1995,2025,2491272,2377742,91056,-22474,-0.9021094444926125
HU,1979,2009,4715183,4328021,345381,-41781,-0.8860949829518812
CZ,1970,2000,4554513,4283707,231258,-39548,-0.8683255487469242
PT,1980,2010,4806530,4552194,214175,-40161,-0.8355508027620757
SK,1994,2024,2504362,2391147,93019,-20196,-0.8064329358135924
SK,1992,2022,2517678,2402417,96282,-18979,-0.7538295206932737
SK,1993,2023,2511276,2398429,94914,-17933,-0.714099127296243
PT,1981,2011,4809400,4566504,211828,-31068,-0.6459849461471285
HU,1980,2010,4697133,4331119,336579,-29435,-0.626658857647846
HU,1981,2011,4667964,4323828,325537,-18599,-0.39843923389297775
IS,1976,2006,124962,121214,3301,-447,-0.35770874345801124
LV,1973,2003,1025627,918568,106015,-1044,-0.10179139199728555
HU,1987,2017,4337419,4103973,231154,-2292,-0.05284248535822802
HU,1988,2018,4304786,4088078,218781,2073,0.048155703907232554
HU,1985,2015,4456353,4194754,265547,3948,0.0885926227118902
HU,1986,2016,4390325,4147131,247586,4392,0.1000381520730242
HU,1984,2014,4537706,4257124,285724,5142,0.1133171695125246
HU,1982,2012,4637075,4330078,314112,7115,0.15343724222705046
CZ,1972,2002,4529012,4308489,229045,8522,0.1881646593120089
HU,1983,2013,4600113,4307356,302226,9469,0.20584276951457497
CZ,1973,2003,4554758,4336346,228082,9670,0.21230546167326564
EE,1995,2025,595269,568523,28170,1424,0.23921957971942098
PT,1990,2020,4452287,4296875,170303,14891,0.3344573249657985
CZ,1971,2001,4507940,4293292,230343,15695,0.34816346269027537
CZ,1974,2004,4582661,4373888,225339,16566,0.36149302774086933
HU,1989,2019,4277968,4086694,208103,16829,0.3933877018247916
CZ,1975,2005,4619130,4419624,222331,22825,0.49414067151173485
CZ,1976,2006,4660131,4479068,219975,38912,0.8349979861081158
CZ,1977,2007,4664953,4506131,213304,54482,1.1679002982452342
LV,1972,2002,1017648,925321,107575,15248,1.4983569957391947
PT,1991,2021,4355034,4269572,164941,79479,1.8249914926037316
CZ,1978,2008,4659385,4548099,206507,95221,2.0436388064090005
HU,1995,2025,4181182,4099458,172895,91171,2.1805078085574845
HU,1991,2021,4188542,4089995,190605,92058,2.1978530954207933
HU,1990,2020,4196348,4093401,198278,95331,2.2717610646209514
HU,1992,2022,4188266,4096458,187575,95767,2.286554865426408
HU,1993,2023,4191502,4104812,182840,96150,2.293927093438104
HU,1994,2024,4187404,4108084,177269,97949,2.3391342225397884
IS,1983,2013,127469,127615,3094,3240,2.541794475519538
CZ,1979,2009,4659603,4587102,200666,128165,2.7505562169137585
PT,1992,2022,4289629,4250526,159122,120019,2.7978876494913663
IS,1982,2012,126423,127051,3120,3748,2.9646504196230117
CZ,1980,2010,4661761,4605117,195559,138915,2.9798824950485447
IS,1984,2014,127953,128729,3068,3844,3.0042281150109806
IS,1977,2007,125118,125696,3308,3886,3.10586806055084
BE,1968,1998,4237480,4197261,174628,134409,3.1719087759706244
BE,1969,1999,4258064,4222122,174213,138271,3.24727387845744
LV,1971,2001,1014002,938217,109068,33283,3.2823406659947416
BE,1967,1997,4201477,4166570,174222,139315,3.315857732887744
BE,1970,2000,4283318,4251313,174414,142409,3.3247356371859382
BE,1966,1996,4157295,4126909,174026,143640,3.4551312812778496
CZ,1981,2011,4625620,4597379,189177,160936,3.4792308922911954
IS,1981,2011,125674,126946,3188,4460,3.548864522494709
CZ,1982,2012,4596369,4585261,182483,171375,3.728486551014507
IS,1985,2015,127825,129581,3038,4794,3.7504400547623704
BE,1971,2001,4298544,4289353,175481,166290,3.868519200920126
BE,1965,1995,4102802,4088968,173799,159965,3.8989207863309026
BE,1972,2002,4355586,4348027,177608,170049,3.9041589352156056
IS,1980,2010,125342,127047,3218,4923,3.9276539388233793
EL,1995,2025,4221237,4261662,126146,166571,3.946023404987685
CZ,1983,2013,4567069,4571220,176176,180327,3.948418559036441
CZ,1984,2014,4538463,4550771,169954,182262,4.015941079612195
BE,1973,2003,4396068,4395705,179114,178751,4.066156392485285
BE,1974,2004,4415146,4422629,179003,186486,4.223778783306373
BE,1975,2005,4428590,4440648,178030,190088,4.292291677486514
LV,1970,2000,1016211,949119,110838,43746,4.304814649713495
EL,1994,2024,4243532,4299264,128903,184635,4.350974612657569
CZ,1985,2015,4512923,4545458,164037,196572,4.355757897930011
PT,1993,2023,4236694,4270800,153119,187225,4.419129632680576
FX,1974,2004,25133804,25107120,1140610,1113926,4.431983316174504
BE,1964,1994,4037575,4042409,174132,178966,4.432512089558708
FX,1973,2003,24857099,24832859,1134404,1110164,4.466184891487137
FX,1972,2002,24523037,24502693,1124508,1104164,4.502558145632615
BE,1976,2006,4435679,4460390,177346,202057,4.5552665104936585
FX,1975,2005,25304628,25320923,1142083,1158378,4.577731788825348
CZ,1986,2016,4488103,4537728,158342,207967,4.6337394663179525
FX,1971,2001,24106526,24121342,1109278,1124094,4.663027762689655
BE,1962,1992,3949727,3959673,177143,187089,4.736757755662606
BE,1963,1993,3983648,3997883,175135,189370,4.753683056334294
FX,1976,2006,25412179,25477495,1144051,1209367,4.75900551463926
CZ,1991,2021,4408192,4475652,143731,211191,4.790875715032376
FX,1970,2000,23731867,23786840,1098845,1153818,4.861893082411089
FX,1969,1999,23442775,23495150,1094672,1147047,4.892965956462065
CZ,1987,2017,4464346,4532701,153002,221357,4.958329842713804
FX,1977,2007,25308954,25445898,1126183,1263127,4.990830517926581
IS,1986,2016,127070,130507,2997,6434,5.0633509089478235
FX,1968,1998,23184980,23282209,1091311,1188540,5.126336102079881
BE,1977,2007,4413097,4464961,174535,226399,5.130161426318071
BE,1960,1990,3880063,3896541,182583,199061,5.130354842176532
EL,1993,2023,4253936,4341925,131189,219178,5.152357722354075
SI,1988,2018,881735,896446,30827,45538,5.164590268051058
FX,1978,2008,25182722,25380489,1104720,1302487,5.172145409856806
BE,1961,1991,3905593,3928426,179405,202238,5.178163725713355
FX,1967,1997,22954710,23066983,1089188,1201461,5.234050005423724
SI,1987,2017,885497,900692,32126,47321,5.34400455337511
FX,1979,2009,25026162,25286310,1082588,1342736,5.365329290204387
CZ,1988,2018,4444920,4535665,148307,239052,5.378094543883805
IS,1978,2008,124804,128240,3287,6723,5.386846575430275
CZ,1992,2022,4408960,4501800,144971,237811,5.393811692553346
FX,1966,1996,22691355,22836537,1085843,1231025,5.425083693767957
FX,1980,2010,24900961,25203693,1060602,1363334,5.4750256425846375
IS,1979,2009,124869,128570,3226,6927,5.547413689546645
FX,1965,1995,22435200,22598405,1083076,1246281,5.5550251390671805
FX,1981,2011,24826390,25171449,1036270,1381329,5.563954324410436
BE,1978,2008,4402619,4478545,171882,247808,5.628649674205286
FX,1982,2012,24790386,25190189,1014220,1414023,5.703916832920633
FX,1983,2013,24761838,25191530,989567,1419259,5.731638337994134
FX,1964,1994,22145587,22359978,1084536,1298927,5.865398826411782
CZ,1989,2019,4439165,4556778,145670,263283,5.9309126829032035
SI,1989,2019,876521,899232,29662,52373,5.9750992845579285
FI,1985,2015,2074116,2120294,79441,125619,6.056507929161146
EL,1992,2022,4261330,4386781,133250,258701,6.0708980529552985
PT,1994,2024,4193874,4305400,147149,258675,6.16792493050578
FX,1963,1993,21837074,22114861,1087659,1365446,6.252879850111786
FI,1986,2016,2056514,2113607,76501,133594,6.496138611261582
SI,1986,2016,882440,906272,33562,57394,6.504011604188387
CZ,1990,2020,4440039,4587586,144134,291681,6.569334188280779
SI,1985,2015,886690,911135,35110,59555,6.716552571924798
BE,1979,2009,4367799,4491827,169634,293662,6.7233405200193515
SI,1984,2014,890861,915385,36732,61256,6.876044635470629
SI,1990,2020,869221,900614,28399,59792,6.8788029741573204
FI,1987,2017,2035870,2105890,73622,143642,7.055558557275268
SI,1983,2013,894399,919317,38310,63228,7.069328118658451
IS,1987,2017,126441,132605,2963,9127,7.21838644110692
SE,1971,2001,3525292,3661170,119520,255398,7.2447332022425375
SI,1982,2012,895652,922157,39883,66388,7.4122538664570605
EL,1991,2021,4251458,4433660,133506,315708,7.425876017121656
FI,1988,2018,2016992,2098024,70897,151929,7.53245426853453
SI,1991,2021,861849,900449,27499,66099,7.66944093454886
SE,1972,2002,3532636,3686098,118619,272081,7.701925700808123
BE,1980,2010,4344997,4512581,167516,335100,7.712318328413115
PT,1995,2025,4149729,4334470,140999,325740,7.849669219363481
AT,1970,2000,3368762,3481244,152915,265397,7.87817601837114
SE,1970,2000,3482396,3637585,119981,275170,7.901743512225491
FI,1989,2019,2005674,2096872,68694,159892,7.9719834828591285
NL,1985,2015,6553891,6899092,181667,526868,8.039010718975948
AT,1974,2004,3399737,3539211,138615,278089,8.179720960768435
SI,1992,2022,849277,892545,26511,69779,8.21628279112704
AT,1973,2003,3385062,3521701,141717,278356,8.223069474059855
AT,1971,2001,3355491,3483534,148417,276460,8.239032678079006
FX,1962,1992,21251718,21914673,1096407,1759362,8.278681281202772
AT,1972,2002,3362814,3501418,144088,282692,8.406412010893257
NL,1986,2016,6513208,6884613,177758,549163,8.43152867219963
FI,1990,2020,1994884,2097063,66316,168495,8.44635577808033
SE,1973,2003,3517339,3699311,116799,298771,8.494233851215364
ES,1975,2005,17774530,18670450,631364,1527284,8.592542250062309
SE,1968,1998,3420914,3593899,121819,294804,8.61769690790239
CZ,1993,2023,4403711,4640914,144137,381340,8.659514668423972
SE,1969,1999,3441824,3620257,121087,299520,8.702362468272637
NL,1987,2017,6479453,6880002,173787,574336,8.863958114982855
FI,1991,2021,1988015,2100111,64320,176416,8.873977309024328
NL,1988,2018,6451618,6876636,169477,594495,9.214665220414474
FI,1992,2022,1984539,2105417,62574,183452,9.244061215224292
SE,1974,2004,3490763,3700084,113873,323194,9.25854891896127
DK,1985,2015,2110592,2232820,73544,195772,9.275691370004244
AT,1975,2005,3381149,3561034,135678,315563,9.333010760543235
EL,1990,2020,4220661,4478739,135916,393994,9.334888539970398
SI,1993,2023,835360,888897,25502,79039,9.461669220455851
BE,1981,2011,4319963,4565768,164842,410647,9.505799008000764
SE,1975,2005,3469694,3692264,110572,333142,9.601480706944185
NL,1989,2019,6415697,6877694,165565,627562,9.781665187741877
SE,1976,2006,3447305,3678608,107102,338405,9.816508838063356
EL,1989,2019,4238809,4517878,138178,417247,9.843496132993963
CZ,1994,2024,4379873,4670227,142135,432489,9.874464396570403
DK,1986,2016,2096611,2236000,70900,210289,10.02994833090163
FI,1993,2023,1979022,2117133,61046,199157,10.063405055628486
EL,1988,2018,4262003,4552943,140082,431022,10.11313225260517
IT,1985,2015,24223182,26032868,645658,2455344,10.136339643569537
SE,1977,2007,3422681,3668351,103450,349120,10.200191019846724
IS,1988,2018,126951,137132,2941,13122,10.336271474820993
CZ,1995,2025,4338853,4650498,139267,450912,10.392423988551814
EL,1987,2017,4284663,4590625,141785,447747,10.449993383376942
NL,1990,2020,6377243,6888425,160770,671952,10.536716258107147
IT,1986,2016,24005742,25900979,636021,2531258,10.544385589081145
SI,1994,2024,822560,885157,24598,87195,10.60044252091033
DK,1987,2017,2084857,2237384,68723,221250,10.612238633153256
ES,1976,2006,17906851,19180300,631151,1904600,10.636152609970342
SE,1978,2008,3399479,3661072,99988,361581,10.636365160661382
AT,1976,2006,3377944,3602180,135201,359437,10.640703339072525
BE,1982,2012,4285959,4582851,162621,459513,10.721357810469021
EL,1986,2016,4302293,4624242,143279,465228,10.813489457830975
CH,1964,1994,2751057,2942468,108086,299497,10.886615580847653
NL,1991,2021,6358782,6896325,156937,694480,10.921588442566517
IT,1987,2017,23753021,25739536,625527,2612042,10.996672802166934
CH,1965,1995,2791781,2991056,108790,308065,11.03471224999382
AT,1977,2007,3373451,3617020,132914,376483,11.160173958358962
DK,1988,2018,2071025,2238633,66345,233953,11.296483625258025
SE,1979,2009,3368424,3654373,96650,382599,11.35839787390186
NL,1992,2022,6333862,6901514,153641,721293,11.38788625328433
IT,1988,2018,23493510,25562361,613726,2682577,11.418374691563756
CH,1969,1999,2909299,3130969,111536,333206,11.453136992794484
FI,1994,2024,1971209,2137628,59459,225878,11.458855960986378
CH,1968,1998,2878685,3099629,111185,332129,11.537524946286238
AT,1978,2008,3352036,3610000,129082,387046,11.54659436831824
SI,1995,2025,810994,881027,23673,93706,11.554462795039175
CH,1970,2000,2929439,3163579,111451,345591,11.797173451981761
BE,1983,2013,4249547,4592230,159671,502354,11.821354134923087
CH,1966,1996,2811604,3035265,109775,333436,11.85928032539433
CH,1967,1997,2841157,3069113,110375,338331,11.908212041784386
IT,1989,2019,23252431,25420935,601872,2770376,11.914349944743412
CH,1963,1993,2678927,2891558,107564,320195,11.95236003071379
IT,1991,2021,22686045,24852109,574583,2740647,12.080761543054331
SE,1980,2010,3345887,3659263,94044,407420,12.176741175060604
DK,1989,2019,2055438,2241584,64411,250557,12.189956593193276
IS,1989,2019,128399,141174,2924,15699,12.22673073777833
IT,1990,2020,22971699,25206056,587149,2821506,12.28253077841565
EL,1985,2015,4279900,4665881,144807,530788,12.401878548564218
AT,1979,2009,3320369,3607477,125320,412428,12.421149577050022
ES,1977,2007,18080475,19736628,632973,2289126,12.660762507622172
DK,1990,2020,2045277,2243300,62160,260183,12.721161974637177
FI,1995,2025,1961066,2153832,57790,250556,12.776520525061368
NL,1993,2023,6301260,6955983,150547,805270,12.779507590545384
BE,1984,2014,4208868,4591207,156794,539133,12.809453753360762
NO,1981,2011,1828985,2008195,56011,235221,12.86073969988819
SE,1981,2011,3327875,3666676,91478,430279,12.929542125230064
AT,1980,2010,3300330,3606733,122704,429107,13.001942230019422
DK,1991,2021,2037481,2246669,60010,269198,13.212294985818273
AT,1981,2011,3295932,3616962,120463,441493,13.39508824817988
CH,1971,2001,2910986,3191457,111382,391853,13.461177759013612
AT,1982,2012,3310070,3638262,118629,446821,13.498838393145766
IT,1992,2022,22186633,24644847,560037,3018251,13.603916376135125
NL,1994,2024,6264078,6975061,146615,857598,13.690729904704252
BE,1985,2015,4172886,4592225,153543,572882,13.728676029012055
DK,1992,2022,2032139,2255870,58063,281794,13.866866390537261
SE,1982,2012,3307050,3678122,89438,460510,13.925099408838692
CH,1962,1992,2589644,2847058,107008,364422,14.07228174992393
DE,1993,2023,30377707,33753735,901626,4277654,14.081556583582822
IT,1993,2023,21886271,24480393,543719,3137841,14.337028907299922
NO,1982,2012,1824176,2030357,55692,261873,14.355687170536177
DE,1992,2022,30469972,33957410,933749,4421187,14.509980514586623
CH,1972,2002,2915589,3228053,110738,423202,14.515145996229235
DE,1994,2024,30023985,33516837,866691,4359543,14.520201099221172
NL,1995,2025,6207278,6979674,143011,915407,14.747317584293793
AT,1983,2013,3291659,3660703,116791,485835,14.759578680537686
BE,1986,2016,4131232,4595466,150302,614536,14.875368897220007
DE,1991,2021,30624435,34247254,966598,4589417,14.986127907339352
IT,1994,2024,21536692,24251650,526906,3241864,15.052748119349063
ES,1978,2008,18210704,20321010,633670,2743976,15.067929279395239
SE,1983,2013,3283315,3691344,87576,495605,15.094652812782202
CH,1973,2003,2924448,3257964,109703,443219,15.155646467299128
DE,1995,2025,29515933,33160090,831197,4475354,15.162502232268924
DK,1993,2023,2028489,2280675,56328,308514,15.209054621444828
IS,1990,2020,127761,144429,2916,19584,15.328621410289525
BE,1987,2017,4092260,4589371,146685,643796,15.732040486186117
IT,1995,2025,21115853,23946588,506754,3337489,15.805608231881516
DK,1994,2024,2019774,2287130,54235,321591,15.922127921242673
AT,1984,2014,3279441,3687941,114929,523429,15.96092138873668
CH,1974,2004,2917748,3275916,108495,466663,15.99394464497962
BE,1988,2018,4074625,4588017,142790,656182,16.10410773997607
CH,1960,1990,2450800,2745654,106338,401192,16.369838420107722
SE,1984,2014,3259199,3707839,85815,534455,16.398354319573613
DK,1995,2025,2011474,2294094,52205,334825,16.645753313241933
BE,1989,2019,4052997,4591722,138725,677450,16.714791548081582
CH,1961,1991,2485848,2795266,106355,415773,16.72560027805401
ES,1979,2009,18277540,20716399,629776,3068635,16.789102909910195
CH,1975,2005,2896036,3290296,106679,500939,17.29740238035715
AT,1985,2015,3267953,3721026,113017,566090,17.32246455196877
IS,1991,2021,127314,146590,2902,22178,17.41992239659425
SE,1985,2015,3246593,3735956,84394,573757,17.67258784824584
ES,1980,2010,18346907,20976526,627513,3257132,17.753030524436625
BE,1990,2020,4019013,4598505,134565,714057,17.766974130215555
BE,1991,2021,3996215,4604116,131323,739224,18.498103830749844
ES,1981,2011,18410144,21208414,626495,3424765,18.6025975679495
SE,1986,2016,3238798,3766667,82718,610587,18.852271737848426
AT,1986,2016,3252184,3757063,111053,615932,18.93902682013072
ES,1984,2014,18380760,21257361,613661,3490262,18.988670762253573
ES,1985,2015,18322887,21204931,607124,3489168,19.042675971313912
IS,1992,2022,128355,150009,2900,24554,19.129757313700285
ES,1982,2012,18453777,21376856,624778,3547857,19.225641449986092
ES,1983,2013,18430222,21364750,620014,3554542,19.2864849918791
BE,1992,2022,3971179,4609607,128113,766541,19.30260509536337
ES,1986,2016,18227458,21153023,598191,3523756,19.332130678891154
ES,1987,2017,18100615,21106119,587686,3593190,19.851203950804987
CH,1976,2006,2836696,3299573,104913,567790,20.015891727559104
AT,1987,2017,3229205,3773132,108668,652595,20.20915364617607
SE,1987,2017,3236668,3813402,81193,657927,20.32729337701612
ES,1988,2018,17923510,21041441,573601,3691532,20.59603280830596
BE,1993,2023,3950947,4643985,125096,818134,20.70728865763069
SE,1988,2018,3241449,3858952,79826,697329,21.51287896246401
AT,1988,2018,3197530,3785059,106108,693637,21.692900457540667
BE,1994,2024,3920248,4651868,121583,853203,21.764005746575215
ES,1989,2019,17724889,21041748,557672,3874531,21.859268060860636
IS,1994,2024,128577,153819,2993,28235,21.95960397271674
AT,1992,2022,3193646,3806778,95936,709068,22.202460761148856
SE,1989,2019,3259902,3911251,78797,730146,22.397789872210883
AT,1989,2019,3178752,3794808,103882,719938,22.648448196021583
AT,1991,2021,3182471,3806215,98482,722226,22.693875293757586
SE,1990,2020,3292879,3962707,77811,747639,22.70472130922515
BE,1995,2025,3883410,4649467,117864,883921,22.761464795115632
AT,1990,2020,3178279,3801715,101094,724530,22.796299506745633
SE,1991,2021,3328008,4010386,77170,759548,22.822901868024356
AT,1993,2023,3198049,3836630,93150,731731,22.880543731506304
CH,1977,2007,2775991,3308229,102967,635205,22.882098681155664
SE,1992,2022,3353395,4063147,76427,786179,23.44427065705054
ES,1990,2020,17506761,21088385,539693,4121317,23.541287848734555
AT,1994,2024,3172723,3833839,89962,751078,23.672977439253284
IS,1993,2023,128555,156080,2920,30445,23.682470537902063
SE,1995,2025,3396701,4146500,73424,823223,24.235957183160956
SE,1993,2023,3372033,4115245,75661,818873,24.284252259690223
SE,1994,2024,3386663,4138988,74953,827278,24.42752644712509
ES,1991,2021,17260130,21032685,523562,4296117,24.890409284286967
AT,1995,2025,3126397,3820860,87107,781570,24.99906441824247
IS,1995,2025,127996,157087,2996,32087,25.068752148504643
ES,1992,2022,17117284,20922460,506763,4311939,25.19055593165364
CH,1978,2008,2737549,3335219,100977,698647,25.520894785810228
ES,1993,2023,16985476,21062968,489594,4567086,26.888183763587197
CH,1979,2009,2705736,3374358,98939,767561,28.367919117016587
ES,1994,2024,16817486,21155442,471482,4809438,28.597841556104164
ES,1995,2025,16601012,21187924,451630,5038542,30.35081234806649
CH,1980,2010,2684707,3405410,97084,817787,30.460940430370986
CH,1981,2011,2674806,3431861,95308,852363,31.866348437980175
LI,1994,2024,13031,16912,342,4223,32.407336351776536
CH,1982,2012,2673249,3470208,93800,890759,33.32121325024343
CH,1983,2013,2668432,3508565,92313,932446,34.94359234186968
LI,1995,2025,12850,17057,335,4542,35.34630350194553
CH,1984,2014,2653729,3552491,90714,989476,37.28624889730639
CH,1985,2015,2644369,3595106,89083,1039820,39.3220462045955
CH,1986,2016,2634147,3630957,87102,1083912,41.148500823985906
CH,1987,2017,2629512,3660201,84980,1115669,42.428747235228435
CH,1988,2018,2625758,3680372,82919,1137533,43.32208070964651
CH,1992,2022,2669246,3760508,73354,1164616,43.63089801389606
CH,1989,2019,2627969,3701506,80641,1154178,43.91901122121303
CH,1993,2023,2676436,3783332,70980,1177876,44.00912257943026
CH,1991,2021,2648984,3743816,75630,1170462,44.185317842614374
CH,1990,2020,2629343,3720338,78035,1169030,44.46091666245142
CH,1994,2024,2672019,3828596,68321,1224898,45.841665048040454
DE,1985,2015,24235284,34449184,1108171,11322071,46.71730275576717
CH,1995,2025,2657854,3844304,65758,1252208,47.113498333618026
DE,1990,2020,23841466,34414854,994925,11568313,48.52181908612499
DE,1986,2016,24016271,34626801,1089401,11699931,48.716684617691065
DE,1987,2017,23873314,34568444,1069262,11764392,49.2784202478131
DE,1989,2019,23533756,34546868,1023763,12036875,51.14727542853763
DE,1988,2018,23493877,34554667,1045425,12106215,51.529234617172804
LU,1987,2017,148500,265747,6418,123665,83.27609427609428
LU,1988,2018,148038,270672,6209,128843,87.03373458166148
LU,1989,2019,147763,276159,6105,134501,91.02481676739103
LU,1990,2020,149027,281325,5974,138272,92.78318693927946
LU,1991,2021,150592,285702,5867,140977,93.61519868253293
LU,1992,2022,151754,289768,5751,143765,94.7355588650052
LU,1993,2023,153341,296135,5620,148414,96.78689978544551
LU,1994,2024,154529,300547,5446,151464,98.01655352716966
LU,1995,2025,155766,304174,5303,153711,98.68071337775895
